<?xml version="1.0" encoding="UTF-8" standalone="no"?>
<Employees>
	<Employee>
		<ID>1001</ID>
		<Name>Abhishek Bajpai</Name>
		<Department>CEO</Department>
	</Employee>
	<Employee>
		<ID>1002</ID>
		<Name>Gouri Bajpai</Name>
		<Department>Finance</Department>
	</Employee>
	<Employee>
		<ID>1003</ID>
		<Name>Abeer Bajpai</Name>
		<Department>Research And Development</Department>
	</Employee>
	<Employee>
		<ID>1004</ID>
		<Name>Amiya Bajpai</Name>
		<Department>Health</Department>
	</Employee>
	<Employee>
		<ID>1005</ID>
		<Name>Everest</Name>
		<Department>Public Relations</Department>
	</Employee>
</Employees>